Chain,Residue,ΔG_elec (kcal/mol),ΔG_vdw (kcal/mol),ΔG_solv (kcal/mol),ΔG_total (kcal/mol)
A,353.0,-0.039506007,-4.077831,-0.50369,-4.621027
A,27.0,0.1415571,-3.7105079,0.0194857142857142,-3.549465
A,31.0,-0.097499415,-2.5395594,0.0051199999999999,-2.6319387
A,354.0,-0.24335189,-1.9927292,-0.34295,-2.579031
A,355.0,0.11831461,-2.4663305,0.0,-2.348016
A,28.0,0.0791567,-1.7074497,-0.00872,-1.6370131
A,82.0,0.012899898,-1.5297811,-0.0527575,-1.5696387
A,34.0,-0.130863,-1.1503485,-0.0020799999999999,-1.2832915
A,37.0,-0.023433503,-1.1787105,0.0,-1.2021439
A,330.0,0.08366229,-1.2367184,0.0,-1.1530561
A,30.0,0.06673914,-1.1949556,-0.008775,-1.1369915
A,79.0,-0.09702461,-1.0314877,-0.0061425,-1.1346548
A,45.0,-0.0807089,-0.6657516,0.0,-0.7464605
A,357.0,0.0017495696,-0.7361442,0.0,-0.7343946
A,35.0,-0.014204681,-0.70199203,-0.0034711111111111,-0.71966785
A,41.0,0.15547438,-0.6556967,0.0,-0.5002223
A,352.0,-0.08969106,-0.39279974,0.0,-0.48249078
A,19.0,0.04543615,-0.43909228,-0.01946,-0.41311613
A,393.0,-0.02235375,-0.3431425,0.0,-0.36549625
A,83.0,-0.02649446,-0.31462476,0.0,-0.34111923
A,326.0,0.03961671,-0.21951333,0.0,-0.17989662
A,20.0,-0.09328031,-0.06792488,0.0,-0.16120519
A,386.0,-0.05429413,-0.09424896,-0.00912,-0.15766309
A,23.0,0.009962891,-0.13711002,0.0,-0.12714714
A,29.0,-0.034258254,-0.090920486,0.0,-0.12517874
A,25.0,0.039271086,-0.12082211,0.0,-0.08155102
A,325.0,0.036275864,-0.09582243,0.0,-0.059546567
A,24.0,-0.11675922,1.2545077,-0.0123855555555555,1.1253629
A,42.0,0.009392306,1.260367,0.0,1.2697593
A,38.0,-0.05077225,2.8715217,0.0,2.8207495
