Chain,Residue,ΔΔG (kcal/mol)
A,19,-7.368558
A,20,-4.266238000000001
A,23,-7.1744680000000045
A,24,-10.248570999999998
A,25,-5.203282999999999
A,27,-2.4408530000000006
A,28,-2.8241310000000013
A,29,-2.945503000000002
A,30,-2.6438200000000016
A,31,-2.471540000000001
A,34,-7.757728
A,35,-6.003481000000001
A,37,-5.251558000000003
A,38,-6.204058000000003
A,41,-4.091763
A,42,-4.696329000000002
A,45,-6.380818000000005
A,79,-4.715338000000003
A,82,-4.393686000000002
A,83,-7.321055000000001
A,325,-5.745218000000001
A,326,-5.203282999999999
A,330,-2.827286000000001
A,352,-5.203282999999999
A,353,-4.225451000000003
A,354,-5.203282999999999
A,355,-2.709221000000003
A,357,-3.1768820000000026
A,386,-5.203282999999999
A,393,-3.351505000000003
E,403,-0.6893690000000028
E,417,-2.4185880000000033
E,445,-4.434598000000001
E,446,-5.203282999999999
E,447,-5.203282999999999
E,449,-6.970305000000003
E,453,-2.751375000000003
E,455,0.3548279999999977
E,456,1.0512869999999985
E,473,-2.2038730000000015
E,475,-5.203282999999999
E,476,-5.203282999999999
E,477,-4.682390000000002
E,484,-4.88739
E,485,-5.203282999999999
E,486,1.5189209999999989
E,487,-5.259413000000002
E,489,0.9832129999999992
E,490,-1.8759680000000003
E,493,1.1489909999999988
E,495,-0.9582830000000016
E,496,-5.203282999999999
E,497,-1.2109130000000015
E,498,-1.9752680000000034
E,499,-3.131580000000003
E,500,-6.193651000000003
E,501,-0.8422879999999999
E,502,-5.203282999999999
E,503,-2.916582000000002
E,505,2.233304999999998
