Variant,Chain,Residue,Mut_AA3,ΔG_variant (kcal/mol),ΔG_WT (kcal/mol),ΔΔG_variant (kcal/mol)
Alpha,A,501,TYR,-31.107391,-26.981142,-4.126249000000001
Beta,A,417,ASN,-32.643436,-26.981142,-5.662294000000003
Beta,A,484,LYS,-30.946644,-26.981142,-3.9655020000000007
Beta,A,501,TYR,-31.107391,-26.981142,-4.126249000000001
Delta,A,452,ARG,-31.09338,-26.981142,-4.112238000000001
Delta,A,478,LYS,-30.963343,-26.981142,-3.982201
