Variant,Chain,Residue,Mut_AA3,ΔG_variant (kcal/mol),ΔG_WT (kcal/mol),ΔΔG_variant (kcal/mol)
Alpha,E,501,TYR,-4.958773,-26.981142,22.022368999999998
Beta,E,417,ASN,-28.811157,-26.981142,-1.830015000000003
Beta,E,484,LYS,-32.184425,-26.981142,-5.203282999999999
Beta,E,501,TYR,-4.958773,-26.981142,22.022368999999998
Delta,E,452,ARG,-31.4011,-26.981142,-4.419958000000001
Delta,E,478,LYS,-29.857292,-26.981142,-2.8761500000000026
