Chain,Residue,ΔG_elec (kcal/mol),ΔG_vdw (kcal/mol),ΔG_solv (kcal/mol),ΔG_total (kcal/mol)
E,505.0,-0.1983684,-6.03929,0.0,-6.2376585
E,489.0,-0.05744174,-4.766091,0.0,-4.8235326
E,501.0,-0.106440105,-4.665396,-0.006175,-4.7780113
E,486.0,0.0025341595,-4.4362125,-0.0150618181818182,-4.44874
E,475.0,0.06731561,-1.5866476,-1.898148,-3.41748
E,456.0,0.06533306,-3.35941,0.0,-3.294077
E,498.0,0.1995133,-3.1938343,0.0,-2.994321
E,455.0,-0.022207268,-2.614141,0.0,-2.6363482
E,446.0,-0.21006504,-0.5270592,-0.06136,-0.7984842
E,476.0,-0.06865705,-0.7167491,-0.00663,-0.7920361
E,496.0,-0.026491048,-0.56870955,-0.09061,-0.68581057
E,493.0,-0.052156337,-0.5333533,0.0,-0.58550966
E,500.0,-0.038341098,-0.72964895,0.2051142857142856,-0.56287575
E,473.0,0.009121779,-0.38915038,0.0,-0.3800286
E,477.0,-0.010577932,-0.21756187,-0.1176700000000001,-0.34580982
E,503.0,-0.05016711,-0.241319,0.0,-0.2914861
E,484.0,-0.0026198705,-0.2674757,0.0,-0.27009556
E,403.0,0.0049340855,-0.26322418,0.0,-0.2582901
E,490.0,-0.00540454,-0.17348672,-0.0397645454545454,-0.21865582
E,495.0,-0.009696224,-0.19800216,0.0,-0.20769839
E,447.0,0.060829513,-0.21478406,0.0,-0.15395454
E,445.0,-0.025473587,-0.09780931,0.0,-0.123282894
E,497.0,0.09300263,-0.19336344,0.0,-0.10036081
E,485.0,-0.010163858,-0.08636007,0.0025799999999999,-0.09394392
E,499.0,0.13299529,-0.18399662,0.0,-0.051001325
E,417.0,-0.047911998,0.47989643,0.0,0.43198442
E,453.0,-0.03254909,0.8587831,0.0,0.82623404
E,502.0,0.026834533,1.0533352,-0.0785849999999999,1.0015846
E,487.0,-0.023602255,4.3961506,-0.0492799999999999,4.323268
E,449.0,-0.039066106,5.9692917,0.0,5.9302254
